{"cameraMode":{"drawMode":0,"name":"Shaded","section":"Shading Mode"},"sceneLighting":true,"audioPlay":false,"sceneViewState":{"showFog":true,"showMaterialUpdate":false,"showSkybox":true,"showFlares":true,"showImageEffects":true,"showParticleSystems":true},"in2DMode":true,"pivot":{"x":-20.437074661254884,"y":-1.7431817054748536,"z":-184.9100341796875},"rotation":{"x":-2.6628507399095726e-8,"y":2.74797798738291e-7,"z":-6.428690824122896e-8,"w":-1.0000001192092896},"size":2.9789230823516847,"orthographic":true}